Timestamp,UserPrincipalName,IPAddress,Country,Device,AuthenticationResult,RiskLevel,ScenarioTag
2026-06-02T08:10:24Z,kai.vasquez@democorp.com,172.16.0.6,United Kingdom,MACBOOK-PRO-M2,Success,none,baseline
2026-06-02T08:12:33Z,jordan.vasquez@democorp.com,10.0.1.10,Canada,DESKTOP-FIN-02,Success,none,baseline
2026-06-02T08:36:33Z,reese.johnson@democorp.com,192.168.1.100,Canada,DESKTOP-FIN-02,Success,none,baseline
2026-06-02T10:06:13Z,jesse.foster@democorp.com,172.16.0.6,Canada,SURFACE-PRO-9,Success,none,baseline
2026-06-02T10:40:31Z,skyler.o'brien@democorp.com,192.168.1.100,Canada,DESKTOP-FIN-02,Success,none,baseline
2026-06-02T11:41:00Z,frankie.johnson@democorp.com,10.0.1.12,Canada,SURFACE-PRO-9,Success,none,baseline
2026-06-02T12:12:02Z,emery.irving@democorp.com,172.16.0.5,Canada,DESKTOP-HR-01,Success,none,baseline
2026-06-02T12:38:56Z,jesse.bennett@democorp.com,10.0.1.10,United Kingdom,LAPTOP-IT-03,Success,none,baseline
2026-06-02T13:39:17Z,micah.hughes@democorp.com,172.16.0.5,Germany,WORKSTATION-SEC-05,Success,none,baseline
2026-06-02T14:23:06Z,emery.upton@democorp.com,81.2.69.100,United Kingdom,LAPTOP-IT-03,Success,none,baseline
2026-06-02T14:47:08Z,avery.bennett@democorp.com,10.0.1.12,United Kingdom,DESKTOP-FIN-02,Success,none,baseline
2026-06-02T14:59:25Z,elliot.roberts@democorp.com,172.16.0.6,Canada,WORKSTATION-SEC-05,Success,none,baseline
2026-06-02T15:57:39Z,reese.young@democorp.com,10.0.1.11,United Kingdom,SURFACE-PRO-9,Success,none,baseline
2026-06-02T16:18:46Z,avery.young@democorp.com,73.45.120.10,Germany,MACBOOK-PRO-M2,Success,none,baseline
2026-06-02T16:27:14Z,lane.campbell@democorp.com,10.0.1.10,United Kingdom,SURFACE-PRO-9,Success,none,baseline
2026-06-02T16:30:11Z,harper.upton@democorp.com,192.168.1.100,Germany,IPHONE-14-PRO,Success,none,baseline
2026-06-02T16:52:00Z,jamie.singh@democorp.com,24.6.88.55,United Kingdom,SURFACE-PRO-9,Success,none,baseline
2026-06-02T17:06:27Z,finley.foster@democorp.com,172.16.0.5,Canada,WORKSTATION-SEC-05,Success,none,baseline
2026-06-02T17:27:05Z,drew.hughes@democorp.com,10.0.2.20,Germany,DESKTOP-FIN-02,Success,none,baseline
2026-06-02T18:21:59Z,jamie.vasquez@democorp.com,10.0.1.11,United States,LAPTOP-IT-03,Success,none,baseline
2026-06-02T18:25:25Z,reese.foster@democorp.com,10.0.1.12,Germany,LAPTOP-SALES-04,Success,none,baseline
2026-06-03T08:14:48Z,micah.hughes@democorp.com,10.0.1.12,Germany,WORKSTATION-SEC-05,Success,none,baseline
2026-06-03T09:42:14Z,emery.upton@democorp.com,24.6.88.55,United Kingdom,LAPTOP-IT-03,Success,none,baseline
2026-06-03T10:08:40Z,frankie.johnson@democorp.com,24.6.88.55,United Kingdom,DESKTOP-FIN-02,Success,none,baseline
2026-06-03T10:36:36Z,alex.davis@democorp.com,98.118.45.22,Canada,DESKTOP-HR-01,Success,none,baseline
2026-06-03T11:04:32Z,elliot.roberts@democorp.com,98.118.45.22,Canada,WORKSTATION-SEC-05,Success,none,baseline
2026-06-03T11:54:51Z,jamie.singh@democorp.com,172.16.0.6,United Kingdom,SURFACE-PRO-9,Success,none,baseline
2026-06-03T12:08:29Z,emery.irving@democorp.com,192.168.1.100,Canada,DESKTOP-HR-01,Success,none,baseline
2026-06-03T13:31:50Z,jesse.bennett@democorp.com,192.168.1.100,United Kingdom,LAPTOP-IT-03,Success,none,baseline
2026-06-03T15:13:37Z,harper.upton@democorp.com,10.0.2.20,Germany,IPHONE-14-PRO,Success,none,baseline
2026-06-03T16:16:24Z,lane.upton@democorp.com,10.0.1.10,United Kingdom,IPHONE-14-PRO,Success,none,baseline
2026-06-03T16:58:50Z,avery.singh@democorp.com,98.118.45.22,United States,SURFACE-PRO-9,Success,none,baseline
2026-06-03T17:11:24Z,finley.foster@democorp.com,24.6.88.55,Canada,WORKSTATION-SEC-05,Success,none,baseline
2026-06-03T18:20:06Z,reese.johnson@democorp.com,10.0.1.10,Canada,DESKTOP-FIN-02,Success,none,baseline
2026-06-03T18:49:09Z,parker.zimmerman@democorp.com,10.0.2.20,United States,WORKSTATION-SEC-05,Success,none,baseline
2026-06-04T08:40:04Z,alex.davis@democorp.com,172.16.0.5,Canada,DESKTOP-HR-01,Success,none,baseline
2026-06-04T09:48:47Z,avery.bennett@democorp.com,172.16.0.5,Germany,DESKTOP-FIN-02,Success,none,baseline
2026-06-04T09:53:17Z,micah.hughes@democorp.com,24.6.88.55,Germany,WORKSTATION-SEC-05,Success,none,baseline
2026-06-04T10:07:02Z,emery.irving@democorp.com,24.6.88.55,Canada,DESKTOP-HR-01,Success,none,baseline
2026-06-04T11:07:11Z,finley.foster@democorp.com,81.2.69.100,United States,WORKSTATION-SEC-05,Success,none,baseline
2026-06-04T11:34:53Z,reese.johnson@democorp.com,10.0.1.10,United Kingdom,DESKTOP-FIN-02,Success,none,baseline
2026-06-04T13:13:26Z,jesse.bennett@democorp.com,172.16.0.6,United Kingdom,LAPTOP-IT-03,Success,none,baseline
2026-06-04T13:31:28Z,jamie.singh@democorp.com,98.118.45.22,United Kingdom,SURFACE-PRO-9,Success,none,baseline
2026-06-04T13:32:05Z,frankie.johnson@democorp.com,98.118.45.22,United Kingdom,SURFACE-PRO-9,Success,none,baseline
2026-06-04T13:51:20Z,elliot.roberts@democorp.com,24.6.88.55,United States,WORKSTATION-SEC-05,Success,none,baseline
2026-06-04T14:20:01Z,skyler.o'brien@democorp.com,10.0.2.20,Canada,DESKTOP-FIN-02,Success,none,baseline
2026-06-04T15:10:34Z,jordan.vasquez@democorp.com,10.0.1.10,Canada,DESKTOP-FIN-02,Success,none,baseline
2026-06-04T15:21:22Z,jamie.vasquez@democorp.com,24.6.88.55,United States,LAPTOP-IT-03,Success,none,baseline
2026-06-04T15:28:22Z,emery.upton@democorp.com,10.0.2.20,United Kingdom,LAPTOP-IT-03,Success,none,baseline
2026-06-04T15:41:35Z,jesse.foster@democorp.com,172.16.0.5,Canada,SURFACE-PRO-9,Success,none,baseline
2026-06-04T16:04:36Z,drew.hughes@democorp.com,81.2.69.100,Germany,WORKSTATION-SEC-05,Success,none,baseline
2026-06-04T17:25:34Z,emery.irving@democorp.com,24.6.88.55,Canada,DESKTOP-HR-01,Failure,low,baseline
2026-06-04T18:09:01Z,harper.upton@democorp.com,172.16.0.6,Germany,IPHONE-14-PRO,Success,none,baseline
2026-06-04T18:09:19Z,avery.young@democorp.com,10.0.1.12,Canada,MACBOOK-PRO-M2,Success,none,baseline
2026-06-04T18:19:38Z,lane.upton@democorp.com,10.0.1.12,United Kingdom,IPHONE-14-PRO,Success,none,baseline
2026-06-04T18:27:17Z,lane.campbell@democorp.com,172.16.0.6,United Kingdom,DESKTOP-FIN-02,Success,none,baseline
2026-06-05T08:42:03Z,avery.bennett@democorp.com,98.118.45.22,Germany,DESKTOP-FIN-02,Success,none,baseline
2026-06-05T08:44:50Z,jamie.singh@democorp.com,10.0.1.11,United Kingdom,SURFACE-PRO-9,Success,none,baseline
2026-06-05T11:12:13Z,finley.foster@democorp.com,172.16.0.6,Canada,WORKSTATION-SEC-05,Success,none,baseline
2026-06-05T11:39:55Z,emery.upton@democorp.com,81.2.69.100,Germany,LAPTOP-IT-03,Success,none,baseline
2026-06-05T11:48:39Z,jamie.vasquez@democorp.com,10.0.1.12,United States,LAPTOP-IT-03,Success,none,baseline
2026-06-05T12:44:42Z,avery.young@democorp.com,192.168.1.100,Canada,MACBOOK-PRO-M2,Success,none,baseline
2026-06-05T12:56:54Z,jesse.foster@democorp.com,172.16.0.5,Canada,SURFACE-PRO-9,Success,none,baseline
2026-06-05T13:33:14Z,frankie.johnson@democorp.com,10.0.1.10,United Kingdom,SURFACE-PRO-9,Success,none,baseline
2026-06-05T14:17:35Z,micah.hughes@democorp.com,73.45.120.10,Germany,WORKSTATION-SEC-05,Success,none,baseline
2026-06-05T14:24:26Z,avery.young@democorp.com,192.168.1.100,Canada,MACBOOK-PRO-M2,Failure,low,baseline
2026-06-05T15:11:43Z,lane.upton@democorp.com,10.0.1.12,United Kingdom,IPHONE-14-PRO,Success,none,baseline
2026-06-05T15:37:36Z,kai.vasquez@democorp.com,172.16.0.5,United Kingdom,MACBOOK-PRO-M2,Success,none,baseline
2026-06-05T15:45:59Z,lane.campbell@democorp.com,81.2.69.100,United Kingdom,SURFACE-PRO-9,Success,none,baseline
2026-06-05T16:25:05Z,avery.singh@democorp.com,24.6.88.55,United States,SURFACE-PRO-9,Success,none,baseline
2026-06-05T18:11:32Z,jesse.bennett@democorp.com,10.0.1.11,United Kingdom,LAPTOP-IT-03,Success,none,baseline
2026-06-05T18:23:48Z,skyler.o'brien@democorp.com,172.16.0.6,Canada,DESKTOP-FIN-02,Success,none,baseline
2026-06-05T18:39:53Z,emery.irving@democorp.com,192.168.1.100,Canada,DESKTOP-HR-01,Success,none,baseline
2026-06-05T18:47:35Z,reese.foster@democorp.com,172.16.0.5,Germany,LAPTOP-SALES-04,Success,none,baseline
2026-06-06T08:32:14Z,kai.vasquez@democorp.com,10.0.1.12,United Kingdom,MACBOOK-PRO-M2,Success,none,baseline
2026-06-06T08:57:10Z,finley.foster@democorp.com,10.0.1.10,Canada,WORKSTATION-SEC-05,Success,none,baseline
2026-06-06T08:59:40Z,lane.upton@democorp.com,142.250.80.10,United Kingdom,IPHONE-14-PRO,Success,none,baseline
2026-06-06T09:24:42Z,parker.zimmerman@democorp.com,98.118.45.22,United States,WORKSTATION-SEC-05,Success,none,baseline
2026-06-06T09:27:42Z,lane.campbell@democorp.com,172.16.0.5,United Kingdom,SURFACE-PRO-9,Success,none,baseline
2026-06-06T10:07:08Z,alex.davis@democorp.com,192.168.1.100,United States,DESKTOP-HR-01,Success,none,baseline
2026-06-06T10:53:52Z,jordan.vasquez@democorp.com,10.0.2.20,Canada,DESKTOP-FIN-02,Success,none,baseline
2026-06-06T12:53:24Z,jamie.singh@democorp.com,10.0.2.20,Canada,SURFACE-PRO-9,Success,none,baseline
2026-06-06T12:56:46Z,harper.upton@democorp.com,172.16.0.5,United Kingdom,IPHONE-14-PRO,Success,none,baseline
2026-06-06T13:22:53Z,emery.irving@democorp.com,10.0.1.10,Canada,SURFACE-PRO-9,Success,none,baseline
2026-06-06T13:52:03Z,reese.young@democorp.com,10.0.1.12,United Kingdom,SURFACE-PRO-9,Success,none,baseline
2026-06-06T14:13:29Z,jesse.bennett@democorp.com,73.45.120.10,United Kingdom,SURFACE-PRO-9,Success,none,baseline
2026-06-06T14:58:37Z,avery.bennett@democorp.com,10.0.1.10,Germany,DESKTOP-FIN-02,Success,none,baseline
2026-06-06T15:02:04Z,emery.upton@democorp.com,10.0.2.20,United Kingdom,LAPTOP-IT-03,Success,none,baseline
2026-06-06T15:45:42Z,avery.young@democorp.com,172.16.0.5,Canada,MACBOOK-PRO-M2,Success,none,baseline
2026-06-06T15:51:36Z,micah.hughes@democorp.com,142.250.80.10,Germany,WORKSTATION-SEC-05,Success,none,baseline
2026-06-06T15:55:10Z,frankie.johnson@democorp.com,10.0.2.20,Canada,SURFACE-PRO-9,Success,none,baseline
2026-06-06T17:01:55Z,skyler.o'brien@democorp.com,10.0.1.12,Canada,DESKTOP-FIN-02,Success,none,baseline
2026-06-06T17:30:59Z,avery.singh@democorp.com,142.250.80.10,United States,SURFACE-PRO-9,Success,none,baseline
2026-06-06T17:32:08Z,jesse.foster@democorp.com,172.16.0.6,Canada,SURFACE-PRO-9,Success,none,baseline
2026-06-06T17:39:40Z,jamie.vasquez@democorp.com,73.45.120.10,United States,LAPTOP-IT-03,Success,none,baseline
2026-06-06T17:46:36Z,reese.foster@democorp.com,172.16.0.6,United States,SURFACE-PRO-9,Success,none,baseline
2026-06-06T18:01:06Z,reese.johnson@democorp.com,142.250.80.10,Canada,DESKTOP-FIN-02,Success,none,baseline
2026-06-07T08:34:12Z,parker.zimmerman@democorp.com,10.0.1.10,United States,WORKSTATION-SEC-05,Success,none,baseline
2026-06-07T09:18:07Z,kai.vasquez@democorp.com,24.6.88.55,United Kingdom,MACBOOK-PRO-M2,Success,none,baseline
2026-06-07T09:26:28Z,drew.hughes@democorp.com,73.45.120.10,Germany,DESKTOP-FIN-02,Failure,low,baseline
2026-06-07T09:49:32Z,finley.foster@democorp.com,10.0.1.11,United States,WORKSTATION-SEC-05,Success,none,baseline
2026-06-07T10:39:27Z,jamie.singh@democorp.com,10.0.1.10,United Kingdom,SURFACE-PRO-9,Success,none,baseline
2026-06-07T11:01:43Z,frankie.johnson@democorp.com,172.16.0.5,Canada,SURFACE-PRO-9,Success,none,baseline
2026-06-07T11:10:58Z,lane.campbell@democorp.com,10.0.1.12,United Kingdom,SURFACE-PRO-9,Success,none,baseline
2026-06-07T11:14:44Z,frankie.johnson@democorp.com,172.16.0.5,Canada,SURFACE-PRO-9,Failure,low,baseline
2026-06-07T11:44:43Z,alex.davis@democorp.com,10.0.1.11,United States,SURFACE-PRO-9,Success,none,baseline
2026-06-07T11:46:01Z,lane.upton@democorp.com,10.0.1.11,United Kingdom,DESKTOP-FIN-02,Success,none,baseline
2026-06-07T11:48:49Z,jamie.vasquez@democorp.com,81.2.69.100,Canada,LAPTOP-IT-03,Success,none,baseline
2026-06-07T12:39:38Z,emery.irving@democorp.com,24.6.88.55,Canada,DESKTOP-HR-01,Success,none,baseline
2026-06-07T13:26:36Z,harper.upton@democorp.com,98.118.45.22,United Kingdom,IPHONE-14-PRO,Success,none,baseline
2026-06-07T14:56:40Z,skyler.o'brien@democorp.com,10.0.1.10,United States,SURFACE-PRO-9,Success,none,baseline
2026-06-07T15:21:15Z,avery.singh@democorp.com,10.0.1.11,United States,SURFACE-PRO-9,Success,none,baseline
2026-06-07T15:21:40Z,elliot.roberts@democorp.com,73.45.120.10,United States,SURFACE-PRO-9,Success,none,baseline
2026-06-07T16:12:22Z,jesse.foster@democorp.com,81.2.69.100,Canada,SURFACE-PRO-9,Success,none,baseline
2026-06-07T17:19:10Z,avery.young@democorp.com,24.6.88.55,Canada,MACBOOK-PRO-M2,Success,none,baseline
2026-06-07T17:33:21Z,micah.hughes@democorp.com,24.6.88.55,Germany,WORKSTATION-SEC-05,Success,none,baseline
2026-06-07T18:05:58Z,avery.singh@democorp.com,10.0.1.11,United States,SURFACE-PRO-9,Failure,low,baseline
2026-06-07T18:24:33Z,emery.upton@democorp.com,73.45.120.10,United Kingdom,LAPTOP-IT-03,Success,none,baseline
2026-06-07T18:37:37Z,reese.young@democorp.com,73.45.120.10,United Kingdom,SURFACE-PRO-9,Success,none,baseline
2026-06-07T18:53:01Z,drew.hughes@democorp.com,73.45.120.10,Germany,DESKTOP-FIN-02,Success,none,baseline
2026-06-08T08:15:02Z,jordan.vasquez@democorp.com,10.0.1.11,Canada,DESKTOP-FIN-02,Success,none,baseline
2026-06-08T09:18:01Z,drew.hughes@democorp.com,10.0.1.12,Germany,DESKTOP-FIN-02,Success,none,baseline
2026-06-08T10:55:30Z,jamie.singh@democorp.com,10.0.2.20,United Kingdom,SURFACE-PRO-9,Success,none,baseline
2026-06-08T11:21:46Z,harper.upton@democorp.com,192.168.1.100,United Kingdom,IPHONE-14-PRO,Success,none,baseline
2026-06-08T11:41:14Z,reese.johnson@democorp.com,10.0.1.11,United Kingdom,DESKTOP-FIN-02,Success,none,baseline
2026-06-08T12:12:09Z,lane.upton@democorp.com,172.16.0.6,United Kingdom,IPHONE-14-PRO,Success,none,baseline
2026-06-08T12:40:20Z,reese.foster@democorp.com,10.0.1.12,United States,LAPTOP-SALES-04,Success,none,baseline
2026-06-08T12:54:10Z,micah.hughes@democorp.com,172.16.0.5,Germany,WORKSTATION-SEC-05,Success,none,baseline
2026-06-08T12:58:26Z,avery.singh@democorp.com,10.0.1.12,United States,SURFACE-PRO-9,Success,none,baseline
2026-06-08T13:17:46Z,avery.young@democorp.com,192.168.1.100,Canada,MACBOOK-PRO-M2,Success,none,baseline
2026-06-08T15:16:13Z,jamie.vasquez@democorp.com,10.0.1.12,Canada,LAPTOP-IT-03,Success,none,baseline
2026-06-08T15:48:33Z,lane.campbell@democorp.com,142.250.80.10,United Kingdom,SURFACE-PRO-9,Success,none,baseline
2026-06-08T16:25:08Z,avery.bennett@democorp.com,81.2.69.100,Germany,DESKTOP-FIN-02,Success,none,baseline
2026-06-08T16:25:40Z,elliot.roberts@democorp.com,142.250.80.10,United States,WORKSTATION-SEC-05,Success,none,baseline
2026-06-08T16:41:38Z,skyler.o'brien@democorp.com,81.2.69.100,Canada,DESKTOP-FIN-02,Success,none,baseline
2026-06-08T17:25:42Z,finley.foster@democorp.com,192.168.1.100,United States,WORKSTATION-SEC-05,Success,none,baseline
2026-06-08T17:51:19Z,emery.upton@democorp.com,81.2.69.100,United Kingdom,LAPTOP-IT-03,Success,none,baseline
2026-06-08T18:00:30Z,frankie.johnson@democorp.com,192.168.1.100,United Kingdom,SURFACE-PRO-9,Success,none,baseline
2026-06-09T08:16:28Z,parker.zimmerman@democorp.com,10.0.2.20,United States,WORKSTATION-SEC-05,Success,none,baseline
2026-06-09T08:50:44Z,frankie.johnson@democorp.com,192.168.1.100,United Kingdom,SURFACE-PRO-9,Success,none,baseline
2026-06-09T08:53:24Z,jamie.singh@democorp.com,172.16.0.5,Canada,SURFACE-PRO-9,Success,none,baseline
2026-06-09T09:24:35Z,reese.johnson@democorp.com,10.0.1.10,Canada,DESKTOP-FIN-02,Success,none,baseline
2026-06-09T09:41:34Z,lane.campbell@democorp.com,10.0.1.12,United Kingdom,SURFACE-PRO-9,Success,none,baseline
2026-06-09T11:51:12Z,avery.bennett@democorp.com,10.0.1.11,Germany,SURFACE-PRO-9,Success,none,baseline
2026-06-09T14:16:24Z,jesse.foster@democorp.com,10.0.1.12,Canada,SURFACE-PRO-9,Success,none,baseline
2026-06-09T15:54:07Z,kai.vasquez@democorp.com,10.0.1.10,United States,SURFACE-PRO-9,Success,none,baseline
2026-06-09T16:36:57Z,lane.upton@democorp.com,10.0.1.10,United Kingdom,IPHONE-14-PRO,Success,none,baseline
2026-06-09T17:43:44Z,finley.foster@democorp.com,172.16.0.5,Canada,SURFACE-PRO-9,Success,none,baseline
2026-06-09T17:48:06Z,alex.davis@democorp.com,24.6.88.55,United States,LAPTOP-IT-03,Success,none,baseline
2026-06-09T17:56:15Z,emery.upton@democorp.com,10.0.2.20,Germany,LAPTOP-IT-03,Success,none,baseline
2026-06-09T18:06:05Z,avery.singh@democorp.com,10.0.1.11,United States,SURFACE-PRO-9,Success,none,baseline
2026-06-09T18:09:53Z,harper.upton@democorp.com,192.168.1.100,Germany,SURFACE-PRO-9,Success,none,baseline
2026-06-09T18:40:38Z,emery.irving@democorp.com,10.0.1.12,Canada,DESKTOP-FIN-02,Success,none,baseline
2026-06-10T08:05:17Z,avery.young@democorp.com,10.0.2.20,Canada,MACBOOK-PRO-M2,Success,none,baseline
2026-06-10T08:48:14Z,reese.young@democorp.com,172.16.0.6,United Kingdom,SURFACE-PRO-9,Success,none,baseline
2026-06-10T09:21:10Z,alex.davis@democorp.com,10.0.1.10,Canada,DESKTOP-HR-01,Success,none,baseline
2026-06-10T09:46:00Z,avery.bennett@democorp.com,192.168.1.100,Germany,DESKTOP-FIN-02,Success,none,baseline
2026-06-10T10:10:46Z,frankie.johnson@democorp.com,10.0.1.12,United Kingdom,SURFACE-PRO-9,Success,none,baseline
2026-06-10T10:11:15Z,lane.upton@democorp.com,192.168.1.100,United Kingdom,IPHONE-14-PRO,Success,none,baseline
2026-06-10T10:11:46Z,micah.hughes@democorp.com,10.0.1.12,Germany,WORKSTATION-SEC-05,Success,none,baseline
2026-06-10T11:40:51Z,harper.upton@democorp.com,172.16.0.5,Germany,IPHONE-14-PRO,Success,none,baseline
2026-06-10T13:03:01Z,reese.johnson@democorp.com,10.0.1.11,United Kingdom,DESKTOP-FIN-02,Success,none,baseline
2026-06-10T13:04:23Z,emery.irving@democorp.com,192.168.1.100,Canada,DESKTOP-HR-01,Success,none,baseline
2026-06-10T13:10:40Z,reese.foster@democorp.com,81.2.69.100,United States,LAPTOP-SALES-04,Success,none,baseline
2026-06-10T13:28:00Z,finley.foster@democorp.com,172.16.0.6,United States,WORKSTATION-SEC-05,Success,none,baseline
2026-06-10T13:34:24Z,drew.hughes@democorp.com,10.0.2.20,Germany,DESKTOP-FIN-02,Success,none,baseline
2026-06-10T13:38:39Z,avery.singh@democorp.com,10.0.1.10,United States,SURFACE-PRO-9,Success,none,baseline
2026-06-10T14:10:03Z,emery.upton@democorp.com,172.16.0.5,United Kingdom,LAPTOP-IT-03,Success,none,baseline
2026-06-10T15:00:21Z,elliot.roberts@democorp.com,24.6.88.55,Canada,SURFACE-PRO-9,Success,none,baseline
2026-06-10T15:34:50Z,jordan.vasquez@democorp.com,10.0.1.12,Canada,DESKTOP-FIN-02,Success,none,baseline
2026-06-10T15:46:26Z,avery.bennett@democorp.com,192.168.1.100,Germany,DESKTOP-FIN-02,Failure,low,baseline
2026-06-10T16:19:11Z,jesse.bennett@democorp.com,10.0.2.20,United Kingdom,LAPTOP-IT-03,Success,none,baseline
2026-06-10T17:14:01Z,skyler.o'brien@democorp.com,81.2.69.100,Canada,DESKTOP-FIN-02,Success,none,baseline
2026-06-10T17:14:10Z,lane.campbell@democorp.com,192.168.1.100,United Kingdom,WORKSTATION-SEC-05,Success,none,baseline
2026-06-10T17:14:40Z,jesse.foster@democorp.com,192.168.1.100,Canada,SURFACE-PRO-9,Success,none,baseline
2026-06-10T17:25:54Z,micah.hughes@democorp.com,10.0.1.12,Germany,WORKSTATION-SEC-05,Failure,low,baseline
2026-06-10T17:36:09Z,kai.vasquez@democorp.com,81.2.69.100,United Kingdom,MACBOOK-PRO-M2,Success,none,baseline
2026-06-10T17:50:22Z,parker.zimmerman@democorp.com,24.6.88.55,United States,WORKSTATION-SEC-05,Success,none,baseline
2026-06-10T18:14:10Z,jamie.singh@democorp.com,192.168.1.100,Canada,SURFACE-PRO-9,Success,none,baseline
2026-06-11T09:00:03Z,kai.vasquez@democorp.com,10.0.1.11,United States,MACBOOK-PRO-M2,Success,none,baseline
2026-06-11T09:10:28Z,emery.upton@democorp.com,10.0.1.11,United Kingdom,SURFACE-PRO-9,Success,none,baseline
2026-06-11T10:05:57Z,reese.foster@democorp.com,142.250.80.10,Germany,WORKSTATION-SEC-05,Success,none,baseline
2026-06-11T11:18:16Z,avery.singh@democorp.com,98.118.45.22,United States,SURFACE-PRO-9,Success,none,baseline
2026-06-11T14:32:03Z,finley.foster@democorp.com,81.2.69.100,Canada,SURFACE-PRO-9,Success,none,baseline
2026-06-11T15:17:14Z,jesse.bennett@democorp.com,10.0.1.12,United Kingdom,LAPTOP-IT-03,Success,none,baseline
2026-06-11T15:19:29Z,harper.upton@democorp.com,10.0.1.11,Germany,DESKTOP-FIN-02,Success,none,baseline
2026-06-11T15:35:47Z,avery.bennett@democorp.com,142.250.80.10,United Kingdom,DESKTOP-FIN-02,Success,none,baseline
2026-06-11T16:08:40Z,reese.johnson@democorp.com,73.45.120.10,Canada,DESKTOP-FIN-02,Success,none,baseline
2026-06-11T16:26:44Z,avery.young@democorp.com,98.118.45.22,Germany,MACBOOK-PRO-M2,Success,none,baseline
2026-06-11T17:02:13Z,emery.irving@democorp.com,172.16.0.6,Canada,SURFACE-PRO-9,Success,none,baseline
2026-06-11T18:05:37Z,parker.zimmerman@democorp.com,172.16.0.6,United States,LAPTOP-IT-03,Success,none,baseline
2026-06-12T08:15:02Z,parker.zimmerman@democorp.com,10.0.1.10,United States,WORKSTATION-SEC-05,Success,none,baseline
2026-06-12T09:31:29Z,emery.irving@democorp.com,172.16.0.6,Canada,DESKTOP-HR-01,Success,none,baseline
2026-06-12T09:49:57Z,finley.foster@democorp.com,81.2.69.100,Canada,WORKSTATION-SEC-05,Success,none,baseline
2026-06-12T10:16:49Z,jamie.vasquez@democorp.com,10.0.1.12,United States,LAPTOP-IT-03,Success,none,baseline
2026-06-12T10:31:22Z,micah.hughes@democorp.com,73.45.120.10,Germany,SURFACE-PRO-9,Success,none,baseline
2026-06-12T11:51:33Z,reese.foster@democorp.com,10.0.1.11,Germany,LAPTOP-SALES-04,Success,none,baseline
2026-06-12T12:20:05Z,frankie.johnson@democorp.com,192.168.1.100,United Kingdom,DESKTOP-FIN-02,Success,none,baseline
2026-06-12T12:52:04Z,jesse.bennett@democorp.com,81.2.69.100,United Kingdom,LAPTOP-IT-03,Success,none,baseline
2026-06-12T13:40:53Z,skyler.o'brien@democorp.com,24.6.88.55,United States,DESKTOP-FIN-02,Success,none,baseline
2026-06-12T14:17:33Z,finley.foster@democorp.com,81.2.69.100,Canada,WORKSTATION-SEC-05,Failure,low,baseline
2026-06-12T15:39:38Z,emery.upton@democorp.com,10.0.1.10,United Kingdom,WORKSTATION-SEC-05,Success,none,baseline
2026-06-12T16:48:50Z,avery.singh@democorp.com,172.16.0.6,United States,SURFACE-PRO-9,Success,none,baseline
2026-06-12T16:51:58Z,avery.young@democorp.com,73.45.120.10,Canada,MACBOOK-PRO-M2,Success,none,baseline
2026-06-12T17:15:29Z,drew.hughes@democorp.com,81.2.69.100,Germany,DESKTOP-FIN-02,Success,none,baseline
2026-06-13T08:13:30Z,elliot.roberts@democorp.com,73.45.120.10,Canada,WORKSTATION-SEC-05,Success,none,baseline
2026-06-13T08:25:40Z,frankie.johnson@democorp.com,10.0.1.11,Canada,SURFACE-PRO-9,Success,none,baseline
2026-06-13T08:27:12Z,emery.irving@democorp.com,142.250.80.10,Canada,DESKTOP-HR-01,Success,none,baseline
2026-06-13T09:01:37Z,jordan.vasquez@democorp.com,142.250.80.10,Canada,DESKTOP-FIN-02,Success,none,baseline
2026-06-13T10:15:17Z,jesse.bennett@democorp.com,192.168.1.100,United Kingdom,LAPTOP-IT-03,Success,none,baseline
2026-06-13T10:48:07Z,avery.singh@democorp.com,73.45.120.10,United States,SURFACE-PRO-9,Success,none,baseline
2026-06-13T10:58:26Z,jamie.vasquez@democorp.com,172.16.0.6,United States,LAPTOP-IT-03,Success,none,baseline
2026-06-13T12:05:41Z,kai.vasquez@democorp.com,192.168.1.100,United States,MACBOOK-PRO-M2,Success,none,baseline
2026-06-13T12:49:44Z,reese.young@democorp.com,172.16.0.5,United Kingdom,SURFACE-PRO-9,Success,none,baseline
2026-06-13T13:52:07Z,jamie.singh@democorp.com,10.0.1.10,United Kingdom,SURFACE-PRO-9,Success,none,baseline
2026-06-13T14:05:46Z,avery.young@democorp.com,10.0.1.11,Canada,MACBOOK-PRO-M2,Success,none,baseline
2026-06-13T14:18:41Z,parker.zimmerman@democorp.com,172.16.0.6,United States,WORKSTATION-SEC-05,Success,none,baseline
2026-06-13T14:32:18Z,avery.bennett@democorp.com,192.168.1.100,United Kingdom,DESKTOP-FIN-02,Success,none,baseline
2026-06-13T14:49:52Z,emery.upton@democorp.com,10.0.1.11,United Kingdom,LAPTOP-IT-03,Success,none,baseline
2026-06-13T14:55:53Z,drew.hughes@democorp.com,10.0.1.11,Germany,DESKTOP-FIN-02,Success,none,baseline
2026-06-13T16:34:39Z,skyler.o'brien@democorp.com,172.16.0.6,Canada,DESKTOP-FIN-02,Success,none,baseline
2026-06-13T16:36:00Z,jesse.foster@democorp.com,10.0.1.10,Canada,SURFACE-PRO-9,Success,none,baseline
2026-06-13T18:38:04Z,reese.johnson@democorp.com,142.250.80.10,United Kingdom,DESKTOP-FIN-02,Success,none,baseline
2026-06-13T18:56:19Z,reese.young@democorp.com,172.16.0.5,United Kingdom,SURFACE-PRO-9,Failure,low,baseline
2026-06-14T08:28:16Z,jordan.vasquez@democorp.com,10.0.1.12,Canada,DESKTOP-HR-01,Success,none,baseline
2026-06-14T09:22:22Z,lane.campbell@democorp.com,172.16.0.5,United Kingdom,SURFACE-PRO-9,Success,none,baseline
2026-06-14T09:36:06Z,elliot.roberts@democorp.com,192.168.1.100,Canada,WORKSTATION-SEC-05,Success,none,baseline
2026-06-14T10:12:52Z,micah.hughes@democorp.com,10.0.2.20,Germany,WORKSTATION-SEC-05,Success,none,baseline
2026-06-14T10:20:53Z,avery.young@democorp.com,10.0.1.11,Germany,MACBOOK-PRO-M2,Success,none,baseline
2026-06-14T10:32:24Z,skyler.o'brien@democorp.com,81.2.69.100,Canada,LAPTOP-IT-03,Success,none,baseline
2026-06-14T10:39:08Z,reese.young@democorp.com,10.0.2.20,United Kingdom,SURFACE-PRO-9,Success,none,baseline
2026-06-14T11:13:51Z,kai.vasquez@democorp.com,192.168.1.100,United States,MACBOOK-PRO-M2,Success,none,baseline
2026-06-14T12:14:34Z,reese.johnson@democorp.com,73.45.120.10,United Kingdom,DESKTOP-FIN-02,Success,none,baseline
2026-06-14T12:38:34Z,reese.foster@democorp.com,172.16.0.5,Germany,LAPTOP-SALES-04,Success,none,baseline
2026-06-14T12:42:55Z,drew.hughes@democorp.com,73.45.120.10,Germany,DESKTOP-FIN-02,Success,none,baseline
2026-06-14T13:54:04Z,emery.upton@democorp.com,172.16.0.6,United Kingdom,LAPTOP-IT-03,Success,none,baseline
2026-06-14T14:40:11Z,emery.irving@democorp.com,10.0.1.11,Canada,DESKTOP-HR-01,Success,none,baseline
2026-06-14T15:31:10Z,jamie.vasquez@democorp.com,172.16.0.6,Canada,LAPTOP-IT-03,Success,none,baseline
2026-06-14T15:31:20Z,alex.davis@democorp.com,81.2.69.100,United States,DESKTOP-HR-01,Success,none,baseline
2026-06-14T15:34:13Z,avery.singh@democorp.com,10.0.1.12,United States,SURFACE-PRO-9,Failure,low,baseline
2026-06-14T15:37:27Z,finley.foster@democorp.com,10.0.1.11,Canada,WORKSTATION-SEC-05,Success,none,baseline
2026-06-14T16:32:07Z,jesse.bennett@democorp.com,10.0.2.20,United Kingdom,LAPTOP-IT-03,Success,none,baseline
2026-06-14T16:52:48Z,avery.singh@democorp.com,10.0.1.12,United States,SURFACE-PRO-9,Success,none,baseline
2026-06-14T17:37:05Z,harper.upton@democorp.com,10.0.1.12,United Kingdom,IPHONE-14-PRO,Success,none,baseline
2026-06-14T18:08:44Z,avery.bennett@democorp.com,192.168.1.100,United Kingdom,DESKTOP-FIN-02,Success,none,baseline
2026-06-14T18:25:31Z,frankie.johnson@democorp.com,192.168.1.100,Canada,MACBOOK-PRO-M2,Success,none,baseline
2026-06-14T18:34:44Z,lane.upton@democorp.com,10.0.2.20,United Kingdom,IPHONE-14-PRO,Success,none,baseline
2026-06-14T18:50:56Z,parker.zimmerman@democorp.com,10.0.1.10,United States,WORKSTATION-SEC-05,Success,none,baseline
2026-06-14T18:52:06Z,jamie.singh@democorp.com,24.6.88.55,Canada,SURFACE-PRO-9,Success,none,baseline
2026-06-15T09:00:19Z,reese.young@democorp.com,10.0.1.10,United Kingdom,SURFACE-PRO-9,Success,none,baseline
2026-06-15T09:10:27Z,frankie.johnson@democorp.com,98.118.45.22,Canada,LAPTOP-IT-03,Success,none,baseline
2026-06-15T09:52:54Z,jordan.vasquez@democorp.com,81.2.69.100,Canada,DESKTOP-FIN-02,Success,none,baseline
2026-06-15T10:22:01Z,emery.irving@democorp.com,172.16.0.5,Canada,DESKTOP-HR-01,Success,none,baseline
2026-06-15T10:22:19Z,jamie.vasquez@democorp.com,10.0.1.10,Canada,LAPTOP-IT-03,Success,none,baseline
2026-06-15T10:41:39Z,jesse.foster@democorp.com,10.0.1.12,Canada,SURFACE-PRO-9,Success,none,baseline
2026-06-15T10:43:49Z,kai.vasquez@democorp.com,24.6.88.55,United Kingdom,IPHONE-14-PRO,Success,none,baseline
2026-06-15T11:16:42Z,jamie.singh@democorp.com,81.2.69.100,Canada,SURFACE-PRO-9,Success,none,baseline
2026-06-15T11:46:40Z,avery.young@democorp.com,81.2.69.100,Canada,MACBOOK-PRO-M2,Success,none,baseline
2026-06-15T12:09:24Z,emery.upton@democorp.com,10.0.1.10,Germany,LAPTOP-IT-03,Success,none,baseline
2026-06-15T12:50:28Z,jesse.bennett@democorp.com,172.16.0.6,United Kingdom,LAPTOP-IT-03,Success,none,baseline
2026-06-15T13:18:47Z,drew.hughes@democorp.com,142.250.80.10,Germany,DESKTOP-FIN-02,Success,none,baseline
2026-06-15T13:55:24Z,avery.bennett@democorp.com,24.6.88.55,Germany,WORKSTATION-SEC-05,Success,none,baseline
2026-06-15T14:06:00Z,harper.upton@democorp.com,192.168.1.100,Germany,IPHONE-14-PRO,Success,none,baseline
2026-06-15T14:17:52Z,reese.foster@democorp.com,10.0.1.12,United States,LAPTOP-SALES-04,Success,none,baseline
2026-06-15T14:21:53Z,parker.zimmerman@democorp.com,73.45.120.10,United States,WORKSTATION-SEC-05,Success,none,baseline
2026-06-15T14:24:49Z,avery.bennett@democorp.com,24.6.88.55,Germany,WORKSTATION-SEC-05,Failure,low,baseline
2026-06-15T15:37:25Z,avery.singh@democorp.com,24.6.88.55,United States,SURFACE-PRO-9,Success,none,baseline
2026-06-15T16:35:32Z,lane.upton@democorp.com,142.250.80.10,United Kingdom,WORKSTATION-SEC-05,Success,none,baseline
2026-06-15T16:38:40Z,reese.johnson@democorp.com,10.0.1.12,Canada,DESKTOP-FIN-02,Success,none,baseline
2026-06-15T17:14:28Z,finley.foster@democorp.com,172.16.0.5,United States,WORKSTATION-SEC-05,Success,none,baseline
2026-06-15T17:33:10Z,alex.davis@democorp.com,10.0.1.11,Canada,DESKTOP-HR-01,Success,none,baseline
2026-06-15T18:37:42Z,micah.hughes@democorp.com,10.0.1.11,Germany,WORKSTATION-SEC-05,Success,none,baseline
2026-06-15T18:38:08Z,elliot.roberts@democorp.com,192.168.1.100,United States,WORKSTATION-SEC-05,Success,none,baseline
2026-06-15T18:43:41Z,jesse.foster@democorp.com,10.0.1.12,Canada,SURFACE-PRO-9,Failure,low,baseline
2026-06-16T08:05:25Z,lane.campbell@democorp.com,192.168.1.100,United Kingdom,SURFACE-PRO-9,Success,none,baseline
2026-06-16T10:06:58Z,lane.upton@democorp.com,10.0.2.20,United Kingdom,IPHONE-14-PRO,Success,none,baseline
2026-06-16T10:53:40Z,avery.young@democorp.com,10.0.1.10,Germany,MACBOOK-PRO-M2,Failure,low,baseline
2026-06-16T10:58:56Z,emery.irving@democorp.com,10.0.2.20,Canada,DESKTOP-HR-01,Success,none,baseline
2026-06-16T11:19:43Z,reese.foster@democorp.com,10.0.1.11,United States,LAPTOP-SALES-04,Success,none,baseline
2026-06-16T11:25:58Z,parker.zimmerman@democorp.com,172.16.0.6,United States,WORKSTATION-SEC-05,Success,none,baseline
2026-06-16T11:37:09Z,emery.upton@democorp.com,10.0.1.10,United Kingdom,LAPTOP-IT-03,Success,none,baseline
2026-06-16T11:47:07Z,frankie.johnson@democorp.com,10.0.1.11,United Kingdom,SURFACE-PRO-9,Success,none,baseline
2026-06-16T11:47:09Z,jesse.bennett@democorp.com,172.16.0.5,United Kingdom,LAPTOP-IT-03,Success,none,baseline
2026-06-16T12:34:18Z,jordan.vasquez@democorp.com,24.6.88.55,Canada,DESKTOP-FIN-02,Failure,low,baseline
2026-06-16T12:57:34Z,micah.hughes@democorp.com,172.16.0.6,Germany,WORKSTATION-SEC-05,Success,none,baseline
2026-06-16T13:17:50Z,reese.young@democorp.com,10.0.1.12,United Kingdom,SURFACE-PRO-9,Success,none,baseline
2026-06-16T14:36:53Z,avery.bennett@democorp.com,98.118.45.22,United Kingdom,DESKTOP-FIN-02,Success,none,baseline
2026-06-16T15:23:03Z,elliot.roberts@democorp.com,24.6.88.55,Canada,LAPTOP-IT-03,Success,none,baseline
2026-06-16T15:48:53Z,jamie.vasquez@democorp.com,172.16.0.6,Canada,LAPTOP-IT-03,Success,none,baseline
2026-06-16T15:54:27Z,harper.upton@democorp.com,10.0.1.10,Germany,DESKTOP-FIN-02,Success,none,baseline
2026-06-16T16:26:00Z,jordan.vasquez@democorp.com,24.6.88.55,Canada,DESKTOP-FIN-02,Success,none,baseline
2026-06-16T16:58:02Z,reese.johnson@democorp.com,10.0.1.10,Canada,DESKTOP-FIN-02,Success,none,baseline
2026-06-16T16:59:37Z,jesse.bennett@democorp.com,172.16.0.5,United Kingdom,LAPTOP-IT-03,Failure,low,baseline
2026-06-16T18:03:48Z,avery.young@democorp.com,10.0.1.10,Germany,MACBOOK-PRO-M2,Success,none,baseline
2026-06-16T18:22:19Z,finley.foster@democorp.com,172.16.0.5,Canada,WORKSTATION-SEC-05,Success,none,baseline
2026-06-16T18:35:13Z,kai.vasquez@democorp.com,24.6.88.55,United States,MACBOOK-PRO-M2,Success,none,baseline
2026-06-16T18:47:31Z,jamie.singh@democorp.com,172.16.0.6,Canada,SURFACE-PRO-9,Success,none,baseline
2026-06-17T08:15:13Z,kai.vasquez@democorp.com,192.168.1.100,United States,SURFACE-PRO-9,Success,none,baseline
2026-06-17T08:15:47Z,emery.upton@democorp.com,192.168.1.100,United Kingdom,LAPTOP-IT-03,Success,none,baseline
2026-06-17T08:25:16Z,jamie.singh@democorp.com,10.0.1.12,United Kingdom,SURFACE-PRO-9,Success,none,baseline
2026-06-17T09:33:28Z,elliot.roberts@democorp.com,192.168.1.100,Canada,WORKSTATION-SEC-05,Success,none,baseline
2026-06-17T09:34:03Z,jesse.bennett@democorp.com,81.2.69.100,United Kingdom,LAPTOP-IT-03,Success,none,baseline
2026-06-17T10:17:12Z,reese.foster@democorp.com,81.2.69.100,United States,LAPTOP-SALES-04,Success,none,baseline
2026-06-17T10:51:29Z,parker.zimmerman@democorp.com,172.16.0.6,United States,WORKSTATION-SEC-05,Success,none,baseline
2026-06-17T12:44:07Z,harper.upton@democorp.com,24.6.88.55,United Kingdom,IPHONE-14-PRO,Success,none,baseline
2026-06-17T13:15:19Z,alex.davis@democorp.com,192.168.1.100,United States,DESKTOP-HR-01,Success,none,baseline
2026-06-17T14:11:48Z,jordan.vasquez@democorp.com,10.0.1.12,Canada,DESKTOP-FIN-02,Success,none,baseline
2026-06-17T14:11:49Z,jesse.foster@democorp.com,10.0.1.12,Canada,SURFACE-PRO-9,Success,none,baseline
2026-06-17T14:24:05Z,avery.singh@democorp.com,10.0.2.20,United States,SURFACE-PRO-9,Success,none,baseline
2026-06-17T15:08:32Z,reese.johnson@democorp.com,10.0.1.10,United Kingdom,DESKTOP-FIN-02,Success,none,baseline
2026-06-17T15:09:29Z,reese.young@democorp.com,98.118.45.22,United Kingdom,SURFACE-PRO-9,Success,none,baseline
2026-06-17T15:14:34Z,emery.upton@democorp.com,192.168.1.100,United Kingdom,LAPTOP-IT-03,Failure,low,baseline
2026-06-17T15:43:46Z,lane.campbell@democorp.com,10.0.1.12,United Kingdom,SURFACE-PRO-9,Success,none,baseline
2026-06-17T16:12:36Z,avery.young@democorp.com,24.6.88.55,Canada,IPHONE-14-PRO,Success,none,baseline
2026-06-17T16:18:14Z,lane.upton@democorp.com,10.0.1.11,United Kingdom,IPHONE-14-PRO,Success,none,baseline
2026-06-17T16:25:33Z,finley.foster@democorp.com,10.0.1.11,United States,WORKSTATION-SEC-05,Success,none,baseline
2026-06-17T16:51:42Z,jamie.vasquez@democorp.com,10.0.2.20,Canada,LAPTOP-IT-03,Success,none,baseline
2026-06-17T17:56:47Z,drew.hughes@democorp.com,24.6.88.55,Germany,DESKTOP-FIN-02,Success,none,baseline
2026-06-17T18:13:45Z,avery.bennett@democorp.com,10.0.1.10,Germany,DESKTOP-FIN-02,Success,none,baseline
2026-06-17T18:42:24Z,micah.hughes@democorp.com,81.2.69.100,Germany,WORKSTATION-SEC-05,Success,none,baseline
2026-06-18T08:00:19Z,reese.johnson@democorp.com,10.0.1.12,United Kingdom,DESKTOP-FIN-02,Success,none,baseline
2026-06-18T08:53:25Z,lane.upton@democorp.com,98.118.45.22,United Kingdom,IPHONE-14-PRO,Success,none,baseline
2026-06-18T09:12:01Z,harper.upton@democorp.com,24.6.88.55,Germany,SURFACE-PRO-9,Success,none,baseline
2026-06-18T09:21:10Z,avery.bennett@democorp.com,10.0.1.11,Germany,DESKTOP-FIN-02,Success,none,baseline
2026-06-18T09:41:36Z,emery.irving@democorp.com,192.168.1.100,Canada,DESKTOP-HR-01,Success,none,baseline
2026-06-18T10:00:35Z,frankie.johnson@democorp.com,172.16.0.6,United Kingdom,SURFACE-PRO-9,Success,none,baseline
2026-06-18T10:20:59Z,parker.zimmerman@democorp.com,24.6.88.55,United States,WORKSTATION-SEC-05,Success,none,baseline
2026-06-18T11:40:14Z,micah.hughes@democorp.com,172.16.0.5,Germany,WORKSTATION-SEC-05,Success,none,baseline
2026-06-18T12:35:19Z,drew.hughes@democorp.com,98.118.45.22,Germany,DESKTOP-FIN-02,Success,none,baseline
2026-06-18T12:36:43Z,emery.upton@democorp.com,81.2.69.100,Germany,LAPTOP-IT-03,Success,none,baseline
2026-06-18T12:37:21Z,jamie.singh@democorp.com,192.168.1.100,United Kingdom,SURFACE-PRO-9,Success,none,baseline
2026-06-18T13:21:43Z,jesse.foster@democorp.com,73.45.120.10,Canada,SURFACE-PRO-9,Success,none,baseline
2026-06-18T13:34:22Z,jesse.bennett@democorp.com,172.16.0.5,United Kingdom,LAPTOP-IT-03,Success,none,baseline
2026-06-18T13:42:30Z,alex.davis@democorp.com,172.16.0.5,Canada,DESKTOP-HR-01,Success,none,baseline
2026-06-18T13:59:28Z,reese.foster@democorp.com,73.45.120.10,Germany,LAPTOP-SALES-04,Success,none,baseline
2026-06-18T14:32:20Z,jordan.vasquez@democorp.com,10.0.2.20,Canada,DESKTOP-FIN-02,Success,none,baseline
2026-06-18T14:57:25Z,reese.young@democorp.com,172.16.0.5,United Kingdom,SURFACE-PRO-9,Success,none,baseline
2026-06-18T15:20:30Z,finley.foster@democorp.com,172.16.0.6,Canada,WORKSTATION-SEC-05,Success,none,baseline
2026-06-18T15:41:12Z,skyler.o'brien@democorp.com,10.0.2.20,United States,DESKTOP-FIN-02,Success,none,baseline
2026-06-18T16:40:46Z,lane.campbell@democorp.com,10.0.1.11,United Kingdom,SURFACE-PRO-9,Success,none,baseline
2026-06-18T16:44:17Z,kai.vasquez@democorp.com,10.0.1.12,United Kingdom,MACBOOK-PRO-M2,Success,none,baseline
2026-06-18T16:49:39Z,jamie.vasquez@democorp.com,10.0.2.20,Canada,LAPTOP-IT-03,Success,none,baseline
2026-06-18T18:01:38Z,avery.singh@democorp.com,172.16.0.6,United States,SURFACE-PRO-9,Success,none,baseline
2026-06-18T18:34:33Z,elliot.roberts@democorp.com,10.0.2.20,Canada,WORKSTATION-SEC-05,Success,none,baseline
2026-06-19T08:05:02Z,alex.davis@democorp.com,192.168.1.100,United States,DESKTOP-HR-01,Success,none,baseline
2026-06-19T09:33:09Z,parker.zimmerman@democorp.com,10.0.1.10,United States,WORKSTATION-SEC-05,Success,none,baseline
2026-06-19T10:10:42Z,micah.hughes@democorp.com,24.6.88.55,Germany,WORKSTATION-SEC-05,Success,none,baseline
2026-06-19T10:31:32Z,lane.upton@democorp.com,10.0.1.11,United Kingdom,IPHONE-14-PRO,Success,none,baseline
2026-06-19T10:40:19Z,jesse.foster@democorp.com,10.0.1.12,Canada,SURFACE-PRO-9,Success,none,baseline
2026-06-19T10:48:23Z,kai.vasquez@democorp.com,10.0.2.20,United Kingdom,MACBOOK-PRO-M2,Success,none,baseline
2026-06-19T11:21:38Z,elliot.roberts@democorp.com,10.0.2.20,Canada,WORKSTATION-SEC-05,Success,none,baseline
2026-06-19T11:55:57Z,emery.irving@democorp.com,10.0.2.20,Canada,DESKTOP-HR-01,Success,none,baseline
2026-06-19T12:04:24Z,drew.hughes@democorp.com,24.6.88.55,Germany,WORKSTATION-SEC-05,Success,none,baseline
2026-06-19T13:48:25Z,reese.young@democorp.com,10.0.1.12,United Kingdom,SURFACE-PRO-9,Success,none,baseline
2026-06-19T15:15:09Z,reese.foster@democorp.com,10.0.1.12,Germany,LAPTOP-SALES-04,Success,none,baseline
2026-06-19T16:29:15Z,jordan.vasquez@democorp.com,142.250.80.10,Canada,DESKTOP-FIN-02,Success,none,baseline
2026-06-19T16:40:37Z,skyler.o'brien@democorp.com,10.0.1.11,Canada,DESKTOP-FIN-02,Success,none,baseline
2026-06-19T16:57:18Z,jamie.vasquez@democorp.com,10.0.1.12,United States,LAPTOP-IT-03,Success,none,baseline
2026-06-19T17:40:01Z,emery.upton@democorp.com,10.0.2.20,Germany,LAPTOP-IT-03,Success,none,baseline
2026-06-19T18:25:19Z,jesse.bennett@democorp.com,10.0.1.11,United Kingdom,LAPTOP-IT-03,Success,none,baseline
2026-06-19T18:43:30Z,avery.singh@democorp.com,192.168.1.100,United States,LAPTOP-IT-03,Success,none,baseline
2026-06-20T08:22:50Z,micah.hughes@democorp.com,10.0.1.12,Germany,LAPTOP-IT-03,Success,none,baseline
2026-06-20T08:55:41Z,reese.johnson@democorp.com,81.2.69.100,Canada,DESKTOP-HR-01,Success,none,baseline
2026-06-20T10:33:23Z,reese.young@democorp.com,172.16.0.5,United Kingdom,SURFACE-PRO-9,Success,none,baseline
2026-06-20T10:43:28Z,emery.upton@democorp.com,81.2.69.100,Germany,WORKSTATION-SEC-05,Failure,low,baseline
2026-06-20T10:53:49Z,elliot.roberts@democorp.com,172.16.0.6,Canada,WORKSTATION-SEC-05,Success,none,baseline
2026-06-20T11:39:18Z,kai.vasquez@democorp.com,142.250.80.10,United States,MACBOOK-PRO-M2,Success,none,baseline
2026-06-20T12:40:50Z,emery.irving@democorp.com,10.0.2.20,Canada,DESKTOP-FIN-02,Success,none,baseline
2026-06-20T13:24:36Z,emery.upton@democorp.com,81.2.69.100,Germany,WORKSTATION-SEC-05,Success,none,baseline
2026-06-20T14:10:44Z,avery.singh@democorp.com,172.16.0.5,United States,SURFACE-PRO-9,Success,none,baseline
2026-06-20T15:01:23Z,jesse.bennett@democorp.com,10.0.1.11,United Kingdom,DESKTOP-HR-01,Success,none,baseline
2026-06-20T15:02:18Z,jesse.foster@democorp.com,10.0.1.10,Canada,SURFACE-PRO-9,Success,none,baseline
2026-06-20T15:11:57Z,reese.foster@democorp.com,73.45.120.10,United States,LAPTOP-SALES-04,Success,none,baseline
2026-06-20T15:33:24Z,lane.campbell@democorp.com,98.118.45.22,United Kingdom,SURFACE-PRO-9,Success,none,baseline
2026-06-20T15:57:24Z,finley.foster@democorp.com,10.0.2.20,United States,WORKSTATION-SEC-05,Success,none,baseline
2026-06-20T16:17:51Z,avery.bennett@democorp.com,192.168.1.100,Germany,DESKTOP-FIN-02,Success,none,baseline
2026-06-20T16:18:20Z,jamie.vasquez@democorp.com,10.0.1.11,Canada,SURFACE-PRO-9,Success,none,baseline
2026-06-20T16:25:52Z,parker.zimmerman@democorp.com,10.0.1.12,United States,WORKSTATION-SEC-05,Success,none,baseline
2026-06-20T16:35:01Z,skyler.o'brien@democorp.com,192.168.1.100,Canada,WORKSTATION-SEC-05,Success,none,baseline
2026-06-20T17:47:48Z,harper.upton@democorp.com,192.168.1.100,United Kingdom,IPHONE-14-PRO,Success,none,baseline
2026-06-20T18:10:01Z,lane.upton@democorp.com,172.16.0.5,United Kingdom,IPHONE-14-PRO,Success,none,baseline
2026-06-20T18:11:50Z,jamie.singh@democorp.com,172.16.0.6,Canada,SURFACE-PRO-9,Success,none,baseline
2026-06-20T18:22:45Z,avery.young@democorp.com,10.0.1.12,Germany,MACBOOK-PRO-M2,Success,none,baseline
2026-06-21T08:15:26Z,parker.zimmerman@democorp.com,73.45.120.10,United States,LAPTOP-IT-03,Success,none,baseline
2026-06-21T08:16:13Z,frankie.johnson@democorp.com,73.45.120.10,United Kingdom,SURFACE-PRO-9,Success,none,baseline
2026-06-21T08:26:03Z,emery.irving@democorp.com,10.0.1.12,Canada,DESKTOP-FIN-02,Success,none,baseline
2026-06-21T09:18:54Z,jesse.foster@democorp.com,10.0.1.11,Canada,SURFACE-PRO-9,Success,none,baseline
2026-06-21T09:45:54Z,jamie.singh@democorp.com,172.16.0.5,Canada,WORKSTATION-SEC-05,Success,none,baseline
2026-06-21T10:13:21Z,avery.young@democorp.com,81.2.69.100,Canada,MACBOOK-PRO-M2,Success,none,baseline
2026-06-21T10:38:24Z,jordan.vasquez@democorp.com,172.16.0.5,Canada,DESKTOP-FIN-02,Success,none,baseline
2026-06-21T10:46:28Z,avery.singh@democorp.com,192.168.1.100,United States,SURFACE-PRO-9,Success,none,baseline
2026-06-21T11:01:20Z,jamie.vasquez@democorp.com,10.0.1.12,Canada,LAPTOP-IT-03,Success,none,baseline
2026-06-21T11:51:38Z,harper.upton@democorp.com,10.0.1.11,Germany,IPHONE-14-PRO,Success,none,baseline
2026-06-21T12:41:44Z,emery.upton@democorp.com,81.2.69.100,Germany,SURFACE-PRO-9,Success,none,baseline
2026-06-21T13:43:46Z,avery.singh@democorp.com,192.168.1.100,United States,SURFACE-PRO-9,Failure,low,baseline
2026-06-21T15:14:34Z,micah.hughes@democorp.com,192.168.1.100,Germany,WORKSTATION-SEC-05,Success,none,baseline
2026-06-21T15:29:49Z,lane.upton@democorp.com,24.6.88.55,United Kingdom,IPHONE-14-PRO,Success,none,baseline
2026-06-21T15:44:53Z,drew.hughes@democorp.com,81.2.69.100,Germany,DESKTOP-FIN-02,Success,none,baseline
2026-06-21T15:57:32Z,finley.foster@democorp.com,10.0.1.12,United States,WORKSTATION-SEC-05,Success,none,baseline
2026-06-21T16:24:41Z,jesse.bennett@democorp.com,10.0.1.12,United Kingdom,LAPTOP-IT-03,Success,none,baseline
2026-06-21T18:58:33Z,kai.vasquez@democorp.com,172.16.0.6,United States,MACBOOK-PRO-M2,Success,none,baseline
2026-06-22T09:32:40Z,reese.young@democorp.com,98.118.45.22,United Kingdom,SURFACE-PRO-9,Success,none,baseline
2026-06-22T10:51:39Z,elliot.roberts@democorp.com,10.0.1.12,United States,WORKSTATION-SEC-05,Success,none,baseline
2026-06-22T11:20:38Z,jordan.vasquez@democorp.com,172.16.0.6,Canada,DESKTOP-FIN-02,Success,none,baseline
2026-06-22T13:36:27Z,reese.johnson@democorp.com,10.0.1.10,United Kingdom,DESKTOP-FIN-02,Success,none,baseline
2026-06-22T13:45:05Z,emery.irving@democorp.com,192.168.1.100,Canada,DESKTOP-HR-01,Success,none,baseline
2026-06-22T14:33:05Z,kai.vasquez@democorp.com,24.6.88.55,United Kingdom,IPHONE-14-PRO,Success,none,baseline
2026-06-22T15:04:30Z,avery.bennett@democorp.com,10.0.1.11,United Kingdom,DESKTOP-FIN-02,Success,none,baseline
2026-06-22T15:43:59Z,parker.zimmerman@democorp.com,172.16.0.5,United States,WORKSTATION-SEC-05,Success,none,baseline
2026-06-22T16:04:19Z,finley.foster@democorp.com,10.0.1.12,Canada,WORKSTATION-SEC-05,Success,none,baseline
2026-06-22T16:33:39Z,reese.foster@democorp.com,10.0.2.20,Germany,SURFACE-PRO-9,Success,none,baseline
2026-06-22T17:38:32Z,drew.hughes@democorp.com,73.45.120.10,Germany,LAPTOP-IT-03,Success,none,baseline
2026-06-22T18:04:11Z,jesse.bennett@democorp.com,98.118.45.22,United Kingdom,LAPTOP-IT-03,Success,none,baseline
2026-06-22T18:52:09Z,jamie.vasquez@democorp.com,172.16.0.6,United States,LAPTOP-IT-03,Success,none,baseline
2026-06-23T08:46:50Z,jamie.singh@democorp.com,24.6.88.55,United Kingdom,SURFACE-PRO-9,Success,none,baseline
2026-06-23T09:17:28Z,micah.hughes@democorp.com,172.16.0.6,Germany,WORKSTATION-SEC-05,Success,none,baseline
2026-06-23T09:20:38Z,lane.campbell@democorp.com,10.0.1.10,United Kingdom,SURFACE-PRO-9,Success,none,baseline
2026-06-23T09:36:32Z,finley.foster@democorp.com,10.0.1.12,United States,WORKSTATION-SEC-05,Success,none,baseline
2026-06-23T09:54:41Z,reese.foster@democorp.com,192.168.1.100,United States,LAPTOP-SALES-04,Success,none,baseline
2026-06-23T10:36:42Z,emery.upton@democorp.com,10.0.1.11,Germany,LAPTOP-IT-03,Success,none,baseline
2026-06-23T10:48:16Z,jordan.vasquez@democorp.com,192.168.1.100,Canada,LAPTOP-IT-03,Success,none,baseline
2026-06-23T12:01:11Z,alex.davis@democorp.com,172.16.0.6,Canada,DESKTOP-HR-01,Success,none,baseline
2026-06-23T13:07:48Z,lane.upton@democorp.com,24.6.88.55,United Kingdom,IPHONE-14-PRO,Success,none,baseline
2026-06-23T13:09:43Z,harper.upton@democorp.com,10.0.1.12,United Kingdom,IPHONE-14-PRO,Success,none,baseline
2026-06-23T13:24:38Z,parker.zimmerman@democorp.com,172.16.0.5,United States,WORKSTATION-SEC-05,Success,none,baseline
2026-06-23T13:51:08Z,frankie.johnson@democorp.com,73.45.120.10,Canada,WORKSTATION-SEC-05,Success,none,baseline
2026-06-23T13:52:29Z,reese.young@democorp.com,10.0.2.20,United Kingdom,SURFACE-PRO-9,Success,none,baseline
2026-06-23T15:49:23Z,reese.johnson@democorp.com,10.0.2.20,Canada,DESKTOP-FIN-02,Success,none,baseline
2026-06-23T15:54:25Z,jamie.vasquez@democorp.com,10.0.1.10,Canada,LAPTOP-IT-03,Success,none,baseline
2026-06-23T16:07:22Z,avery.bennett@democorp.com,10.0.1.11,United Kingdom,DESKTOP-FIN-02,Success,none,baseline
2026-06-23T16:13:24Z,kai.vasquez@democorp.com,10.0.1.10,United States,MACBOOK-PRO-M2,Success,none,baseline
2026-06-23T17:38:05Z,skyler.o'brien@democorp.com,10.0.1.12,Canada,DESKTOP-FIN-02,Success,none,baseline
2026-06-23T17:39:43Z,jesse.bennett@democorp.com,192.168.1.100,United Kingdom,LAPTOP-IT-03,Success,none,baseline
2026-06-23T18:19:02Z,jesse.foster@democorp.com,172.16.0.5,Canada,SURFACE-PRO-9,Success,none,baseline
2026-06-23T18:48:27Z,avery.singh@democorp.com,192.168.1.100,United States,SURFACE-PRO-9,Success,none,baseline
2026-06-24T08:19:31Z,jamie.singh@democorp.com,73.45.120.10,Canada,SURFACE-PRO-9,Success,none,baseline
2026-06-24T08:19:50Z,avery.bennett@democorp.com,172.16.0.6,Germany,DESKTOP-FIN-02,Success,none,baseline
2026-06-24T09:28:22Z,jesse.bennett@democorp.com,10.0.1.11,United Kingdom,LAPTOP-IT-03,Success,none,baseline
2026-06-24T09:29:23Z,lane.upton@democorp.com,24.6.88.55,United Kingdom,LAPTOP-IT-03,Success,none,baseline
2026-06-24T09:43:14Z,emery.irving@democorp.com,10.0.1.12,Canada,DESKTOP-HR-01,Success,none,baseline
2026-06-24T11:28:28Z,finley.foster@democorp.com,81.2.69.100,Canada,WORKSTATION-SEC-05,Success,none,baseline
2026-06-24T12:42:00Z,parker.zimmerman@democorp.com,10.0.2.20,United States,WORKSTATION-SEC-05,Success,none,baseline
2026-06-24T12:47:55Z,jamie.vasquez@democorp.com,10.0.2.20,United States,LAPTOP-IT-03,Success,none,baseline
2026-06-24T12:49:51Z,jordan.vasquez@democorp.com,192.168.1.100,Canada,DESKTOP-FIN-02,Success,none,baseline
2026-06-24T13:03:25Z,reese.johnson@democorp.com,172.16.0.6,Canada,SURFACE-PRO-9,Success,none,baseline
2026-06-24T13:42:47Z,drew.hughes@democorp.com,142.250.80.10,Germany,DESKTOP-FIN-02,Success,none,baseline
2026-06-24T13:47:26Z,alex.davis@democorp.com,81.2.69.100,United States,DESKTOP-HR-01,Success,none,baseline
2026-06-24T13:49:09Z,reese.foster@democorp.com,10.0.1.11,Germany,LAPTOP-SALES-04,Success,none,baseline
2026-06-24T15:54:19Z,frankie.johnson@democorp.com,10.0.1.12,United Kingdom,SURFACE-PRO-9,Success,none,baseline
2026-06-24T16:26:36Z,avery.young@democorp.com,10.0.1.11,Canada,MACBOOK-PRO-M2,Success,none,baseline
2026-06-24T16:32:58Z,skyler.o'brien@democorp.com,10.0.1.12,United States,DESKTOP-FIN-02,Success,none,baseline
2026-06-24T17:13:04Z,reese.young@democorp.com,98.118.45.22,United Kingdom,MACBOOK-PRO-M2,Success,none,baseline
2026-06-24T17:22:36Z,elliot.roberts@democorp.com,142.250.80.10,United States,WORKSTATION-SEC-05,Success,none,baseline
2026-06-24T17:43:15Z,avery.singh@democorp.com,142.250.80.10,United States,SURFACE-PRO-9,Success,none,baseline
2026-06-24T17:55:43Z,lane.campbell@democorp.com,10.0.1.10,United Kingdom,SURFACE-PRO-9,Success,none,baseline
2026-06-24T18:06:53Z,jesse.foster@democorp.com,10.0.2.20,Canada,SURFACE-PRO-9,Success,none,baseline
2026-06-24T18:13:41Z,emery.upton@democorp.com,10.0.1.10,United Kingdom,LAPTOP-IT-03,Success,none,baseline
2026-06-24T18:46:43Z,harper.upton@democorp.com,98.118.45.22,United Kingdom,IPHONE-14-PRO,Success,none,baseline
2026-06-24T18:48:46Z,micah.hughes@democorp.com,81.2.69.100,Germany,WORKSTATION-SEC-05,Success,none,baseline
2026-06-24T18:52:29Z,kai.vasquez@democorp.com,73.45.120.10,United Kingdom,MACBOOK-PRO-M2,Success,none,baseline
2026-06-25T08:18:46Z,jordan.vasquez@democorp.com,10.0.1.12,Canada,DESKTOP-FIN-02,Success,none,baseline
2026-06-25T09:17:49Z,parker.zimmerman@democorp.com,10.0.1.11,United States,WORKSTATION-SEC-05,Success,none,baseline
2026-06-25T10:19:35Z,elliot.roberts@democorp.com,10.0.1.11,Canada,WORKSTATION-SEC-05,Success,none,baseline
2026-06-25T11:29:35Z,jesse.bennett@democorp.com,10.0.2.20,United Kingdom,LAPTOP-IT-03,Success,none,baseline
2026-06-25T11:36:24Z,micah.hughes@democorp.com,10.0.1.11,Germany,WORKSTATION-SEC-05,Success,none,baseline
2026-06-25T13:21:35Z,skyler.o'brien@democorp.com,10.0.2.20,Canada,DESKTOP-FIN-02,Success,none,baseline
2026-06-25T14:05:14Z,elliot.roberts@democorp.com,10.0.1.11,Canada,WORKSTATION-SEC-05,Failure,low,baseline
2026-06-25T14:24:42Z,reese.young@democorp.com,192.168.1.100,United Kingdom,LAPTOP-SALES-04,Success,none,baseline
2026-06-25T14:55:41Z,finley.foster@democorp.com,98.118.45.22,Canada,DESKTOP-FIN-02,Success,none,baseline
2026-06-25T15:40:28Z,kai.vasquez@democorp.com,192.168.1.100,United States,MACBOOK-PRO-M2,Success,none,baseline
2026-06-25T15:56:44Z,lane.campbell@democorp.com,81.2.69.100,United Kingdom,SURFACE-PRO-9,Success,none,baseline
2026-06-25T15:59:45Z,emery.upton@democorp.com,98.118.45.22,United Kingdom,LAPTOP-IT-03,Success,none,baseline
2026-06-25T17:21:55Z,jamie.vasquez@democorp.com,24.6.88.55,United States,LAPTOP-IT-03,Success,none,baseline
2026-06-25T17:44:25Z,lane.upton@democorp.com,10.0.1.12,United Kingdom,IPHONE-14-PRO,Success,none,baseline
2026-06-25T18:55:34Z,avery.young@democorp.com,10.0.1.10,Canada,MACBOOK-PRO-M2,Success,none,baseline
2026-06-26T08:10:50Z,reese.young@democorp.com,10.0.1.10,United Kingdom,SURFACE-PRO-9,Success,none,baseline
2026-06-26T08:45:34Z,parker.zimmerman@democorp.com,10.0.1.12,United States,WORKSTATION-SEC-05,Success,none,baseline
2026-06-26T09:15:07Z,jamie.singh@democorp.com,10.0.1.12,United Kingdom,SURFACE-PRO-9,Success,none,baseline
2026-06-26T09:25:31Z,skyler.o'brien@democorp.com,10.0.1.10,United States,DESKTOP-FIN-02,Success,none,baseline
2026-06-26T10:37:27Z,kai.vasquez@democorp.com,10.0.1.12,United Kingdom,MACBOOK-PRO-M2,Success,none,baseline
2026-06-26T10:40:55Z,avery.young@democorp.com,172.16.0.6,Germany,MACBOOK-PRO-M2,Success,none,baseline
2026-06-26T11:27:07Z,elliot.roberts@democorp.com,172.16.0.6,United States,WORKSTATION-SEC-05,Success,none,baseline
2026-06-26T11:43:53Z,frankie.johnson@democorp.com,172.16.0.6,United Kingdom,DESKTOP-FIN-02,Failure,low,baseline
2026-06-26T12:42:05Z,avery.bennett@democorp.com,98.118.45.22,Germany,DESKTOP-FIN-02,Success,none,baseline
2026-06-26T13:20:42Z,lane.campbell@democorp.com,10.0.2.20,United Kingdom,SURFACE-PRO-9,Success,none,baseline
2026-06-26T13:38:16Z,frankie.johnson@democorp.com,172.16.0.6,United Kingdom,DESKTOP-FIN-02,Success,none,baseline
2026-06-26T14:17:32Z,jordan.vasquez@democorp.com,10.0.1.12,Canada,DESKTOP-FIN-02,Success,none,baseline
2026-06-26T15:04:43Z,avery.singh@democorp.com,172.16.0.6,United States,SURFACE-PRO-9,Success,none,baseline
2026-06-26T15:28:21Z,drew.hughes@democorp.com,10.0.2.20,Germany,DESKTOP-FIN-02,Success,none,baseline
2026-06-26T15:44:38Z,harper.upton@democorp.com,142.250.80.10,United Kingdom,IPHONE-14-PRO,Success,none,baseline
2026-06-26T16:24:28Z,emery.upton@democorp.com,10.0.1.11,Germany,LAPTOP-IT-03,Success,none,baseline
2026-06-26T16:38:18Z,reese.foster@democorp.com,192.168.1.100,United States,LAPTOP-SALES-04,Success,none,baseline
2026-06-26T17:02:48Z,micah.hughes@democorp.com,10.0.1.12,Germany,WORKSTATION-SEC-05,Success,none,baseline
2026-06-26T17:39:03Z,jesse.foster@democorp.com,10.0.1.12,Canada,SURFACE-PRO-9,Success,none,baseline
2026-06-27T08:15:12Z,jesse.foster@democorp.com,172.16.0.6,Canada,SURFACE-PRO-9,Failure,low,baseline
2026-06-27T09:15:46Z,finley.foster@democorp.com,10.0.1.11,Canada,WORKSTATION-SEC-05,Success,none,baseline
2026-06-27T09:32:41Z,avery.singh@democorp.com,10.0.1.12,United States,SURFACE-PRO-9,Success,none,baseline
2026-06-27T09:49:41Z,jesse.foster@democorp.com,172.16.0.6,Canada,SURFACE-PRO-9,Success,none,baseline
2026-06-27T11:29:20Z,reese.foster@democorp.com,81.2.69.100,United States,LAPTOP-SALES-04,Success,none,baseline
2026-06-27T12:20:54Z,reese.young@democorp.com,172.16.0.5,United Kingdom,SURFACE-PRO-9,Success,none,baseline
2026-06-27T12:36:43Z,alex.davis@democorp.com,73.45.120.10,Canada,DESKTOP-HR-01,Success,none,baseline
2026-06-27T12:39:51Z,emery.irving@democorp.com,172.16.0.6,Canada,DESKTOP-HR-01,Success,none,baseline
2026-06-27T12:53:05Z,frankie.johnson@democorp.com,10.0.2.20,United Kingdom,SURFACE-PRO-9,Success,none,baseline
2026-06-27T13:30:35Z,lane.upton@democorp.com,24.6.88.55,United Kingdom,IPHONE-14-PRO,Success,none,baseline
2026-06-27T13:51:16Z,drew.hughes@democorp.com,98.118.45.22,Germany,MACBOOK-PRO-M2,Success,none,baseline
2026-06-27T15:36:39Z,avery.young@democorp.com,192.168.1.100,Germany,MACBOOK-PRO-M2,Success,none,baseline
2026-06-27T15:50:01Z,micah.hughes@democorp.com,10.0.2.20,Germany,WORKSTATION-SEC-05,Success,none,baseline
2026-06-27T17:36:42Z,parker.zimmerman@democorp.com,10.0.2.20,United States,WORKSTATION-SEC-05,Success,none,baseline
2026-06-27T17:38:47Z,elliot.roberts@democorp.com,10.0.1.11,United States,WORKSTATION-SEC-05,Success,none,baseline
2026-06-27T17:44:53Z,jamie.singh@democorp.com,10.0.1.10,Canada,SURFACE-PRO-9,Success,none,baseline
2026-06-27T17:51:07Z,kai.vasquez@democorp.com,172.16.0.6,United States,MACBOOK-PRO-M2,Success,none,baseline
2026-06-27T18:07:36Z,avery.bennett@democorp.com,142.250.80.10,Germany,DESKTOP-FIN-02,Success,none,baseline
2026-06-27T18:27:08Z,parker.zimmerman@democorp.com,10.0.2.20,United States,WORKSTATION-SEC-05,Failure,low,baseline
2026-06-27T18:57:53Z,reese.johnson@democorp.com,81.2.69.100,Canada,DESKTOP-FIN-02,Success,none,baseline
2026-06-28T02:00:05Z,reese.foster@democorp.com,203.0.113.45,Netherlands,UNKNOWN-DEVICE,Failure,medium,password_spray
2026-06-28T02:02:13Z,elliot.roberts@democorp.com,203.0.113.45,Netherlands,UNKNOWN-DEVICE,Failure,medium,password_spray
2026-06-28T02:04:16Z,frankie.johnson@democorp.com,203.0.113.45,Netherlands,UNKNOWN-DEVICE,Failure,medium,password_spray
2026-06-28T02:06:03Z,jesse.bennett@democorp.com,203.0.113.45,Netherlands,UNKNOWN-DEVICE,Failure,medium,password_spray
2026-06-28T02:08:17Z,emery.upton@democorp.com,203.0.113.45,Netherlands,UNKNOWN-DEVICE,Failure,medium,password_spray
2026-06-28T02:10:02Z,kai.vasquez@democorp.com,203.0.113.45,Netherlands,UNKNOWN-DEVICE,Failure,medium,password_spray
2026-06-28T02:12:16Z,harper.upton@democorp.com,203.0.113.45,Netherlands,UNKNOWN-DEVICE,Failure,medium,password_spray
2026-06-28T02:14:09Z,alex.davis@democorp.com,203.0.113.45,Netherlands,UNKNOWN-DEVICE,Failure,medium,password_spray
2026-06-28T02:16:10Z,jamie.singh@democorp.com,203.0.113.45,Netherlands,UNKNOWN-DEVICE,Failure,medium,password_spray
2026-06-28T02:18:30Z,jesse.foster@democorp.com,203.0.113.45,Netherlands,UNKNOWN-DEVICE,Failure,medium,password_spray
2026-06-28T02:20:03Z,reese.johnson@democorp.com,203.0.113.45,Netherlands,UNKNOWN-DEVICE,Failure,medium,password_spray
2026-06-28T02:22:25Z,reese.young@democorp.com,203.0.113.45,Netherlands,UNKNOWN-DEVICE,Failure,medium,password_spray
2026-06-28T02:29:00Z,reese.young@democorp.com,203.0.113.45,Netherlands,UNKNOWN-DEVICE,Success,high,password_spray
2026-06-28T09:08:09Z,emery.irving@democorp.com,172.16.0.5,Canada,DESKTOP-HR-01,Success,none,baseline
2026-06-28T09:49:27Z,alex.davis@democorp.com,73.45.120.10,United States,DESKTOP-HR-01,Success,none,baseline
2026-06-28T10:01:02Z,avery.young@democorp.com,98.118.45.22,Germany,MACBOOK-PRO-M2,Success,none,baseline
2026-06-28T11:17:28Z,lane.upton@democorp.com,172.16.0.6,United Kingdom,IPHONE-14-PRO,Success,none,baseline
2026-06-28T12:13:27Z,kai.vasquez@democorp.com,10.0.1.12,United Kingdom,MACBOOK-PRO-M2,Success,none,baseline
2026-06-28T13:05:52Z,avery.singh@democorp.com,24.6.88.55,United States,SURFACE-PRO-9,Success,none,baseline
2026-06-28T13:34:29Z,reese.young@democorp.com,142.250.80.10,United Kingdom,SURFACE-PRO-9,Success,none,baseline
2026-06-28T14:54:57Z,jamie.vasquez@democorp.com,10.0.1.12,Canada,LAPTOP-IT-03,Success,none,baseline
2026-06-28T14:56:40Z,jesse.foster@democorp.com,10.0.2.20,Canada,SURFACE-PRO-9,Success,none,baseline
2026-06-28T15:08:51Z,harper.upton@democorp.com,10.0.1.10,Germany,DESKTOP-FIN-02,Success,none,baseline
2026-06-28T15:16:48Z,finley.foster@democorp.com,10.0.2.20,Canada,WORKSTATION-SEC-05,Success,none,baseline
2026-06-28T16:27:53Z,emery.upton@democorp.com,172.16.0.5,Germany,LAPTOP-IT-03,Success,none,baseline
2026-06-28T16:30:50Z,micah.hughes@democorp.com,10.0.1.11,Germany,WORKSTATION-SEC-05,Success,none,baseline
2026-06-28T17:44:01Z,reese.foster@democorp.com,192.168.1.100,Germany,LAPTOP-SALES-04,Success,none,baseline
2026-06-28T18:47:57Z,drew.hughes@democorp.com,10.0.2.20,Germany,DESKTOP-FIN-02,Success,none,baseline
2026-06-29T05:35:39Z,avery.singh@democorp.com,203.0.113.99,North Korea,SURFACE-PRO-9,Success,high,suspicious_new_country
2026-06-29T06:35:39Z,avery.singh@democorp.com,24.6.88.55,United States,LINUX-KALI-UNKNOWN,Success,medium,suspicious_unknown_device
2026-06-29T07:35:39Z,avery.singh@democorp.com,198.51.100.77,Germany,TOR-BROWSER,Success,high,suspicious_tor_exit
2026-06-29T08:21:49Z,reese.foster@democorp.com,10.0.1.10,Germany,MACBOOK-PRO-M2,Success,none,baseline
2026-06-29T08:35:39Z,avery.singh@democorp.com,192.0.2.88,Singapore,CHROME-HEADLESS,Success,high,suspicious_vpn_proxy
2026-06-29T08:57:22Z,jamie.singh@democorp.com,192.168.1.100,Canada,SURFACE-PRO-9,Success,none,baseline
2026-06-29T10:37:16Z,elliot.roberts@democorp.com,81.2.69.100,United States,WORKSTATION-SEC-05,Success,none,baseline
2026-06-29T10:56:26Z,jesse.foster@democorp.com,192.168.1.100,Canada,SURFACE-PRO-9,Success,none,baseline
2026-06-29T11:01:42Z,lane.upton@democorp.com,10.0.1.11,United Kingdom,IPHONE-14-PRO,Success,none,baseline
2026-06-29T11:12:52Z,avery.young@democorp.com,142.250.80.10,Germany,MACBOOK-PRO-M2,Success,none,baseline
2026-06-29T11:17:10Z,emery.irving@democorp.com,192.168.1.100,Canada,DESKTOP-HR-01,Success,none,baseline
2026-06-29T13:41:32Z,avery.singh@democorp.com,81.2.69.100,United States,SURFACE-PRO-9,Success,none,baseline
2026-06-29T13:50:59Z,jesse.foster@democorp.com,192.168.1.100,Canada,SURFACE-PRO-9,Failure,low,baseline
2026-06-29T14:35:00Z,parker.zimmerman@democorp.com,172.16.0.6,United States,WORKSTATION-SEC-05,Success,none,baseline
2026-06-29T14:39:47Z,emery.upton@democorp.com,172.16.0.5,United Kingdom,LAPTOP-IT-03,Success,none,baseline
2026-06-29T14:57:36Z,avery.bennett@democorp.com,10.0.1.10,United Kingdom,DESKTOP-FIN-02,Success,none,baseline
2026-06-29T16:09:27Z,jamie.vasquez@democorp.com,172.16.0.5,United States,LAPTOP-IT-03,Success,none,baseline
2026-06-29T17:27:22Z,elliot.roberts@democorp.com,81.2.69.100,United States,WORKSTATION-SEC-05,Failure,low,baseline
2026-06-29T18:46:47Z,lane.campbell@democorp.com,24.6.88.55,United Kingdom,SURFACE-PRO-9,Success,none,baseline
2026-06-30T08:29:39Z,reese.foster@democorp.com,10.0.1.10,United States,LAPTOP-SALES-04,Success,none,baseline
2026-06-30T08:43:41Z,jamie.singh@democorp.com,192.168.1.100,Canada,SURFACE-PRO-9,Success,none,baseline
2026-06-30T09:15:12Z,avery.singh@democorp.com,192.168.1.100,United States,LAPTOP-SALES-04,Success,none,baseline
2026-06-30T09:28:51Z,elliot.roberts@democorp.com,98.118.45.22,United States,SURFACE-PRO-9,Success,none,baseline
2026-06-30T09:56:08Z,drew.hughes@democorp.com,172.16.0.6,Germany,DESKTOP-FIN-02,Success,none,baseline
2026-06-30T11:10:26Z,emery.irving@democorp.com,10.0.1.10,Canada,WORKSTATION-SEC-05,Success,none,baseline
2026-06-30T11:16:25Z,jesse.bennett@democorp.com,81.2.69.100,United Kingdom,LAPTOP-IT-03,Success,none,baseline
2026-06-30T12:39:51Z,jordan.vasquez@democorp.com,172.16.0.5,Canada,DESKTOP-FIN-02,Success,none,baseline
2026-06-30T13:56:04Z,harper.upton@democorp.com,10.0.1.11,United Kingdom,DESKTOP-HR-01,Success,none,baseline
2026-06-30T14:00:24Z,parker.zimmerman@democorp.com,10.0.1.11,United States,WORKSTATION-SEC-05,Success,none,baseline
2026-06-30T14:42:37Z,alex.davis@democorp.com,73.45.120.10,Canada,DESKTOP-HR-01,Success,none,baseline
2026-06-30T16:03:47Z,lane.upton@democorp.com,172.16.0.5,United Kingdom,IPHONE-14-PRO,Success,none,baseline
2026-06-30T16:10:03Z,lane.campbell@democorp.com,192.168.1.100,United Kingdom,SURFACE-PRO-9,Success,none,baseline
2026-06-30T16:42:45Z,jamie.vasquez@democorp.com,172.16.0.6,Canada,LAPTOP-IT-03,Success,none,baseline
2026-06-30T18:55:15Z,avery.bennett@democorp.com,73.45.120.10,Germany,DESKTOP-FIN-02,Success,none,baseline
2026-07-01T08:14:52Z,parker.zimmerman@democorp.com,192.168.1.100,United States,WORKSTATION-SEC-05,Success,none,baseline
2026-07-01T08:43:46Z,jordan.vasquez@democorp.com,192.168.1.100,Canada,DESKTOP-FIN-02,Success,none,baseline
2026-07-01T08:55:21Z,alex.davis@democorp.com,73.45.120.10,Canada,DESKTOP-HR-01,Success,none,baseline
2026-07-01T09:24:06Z,reese.johnson@democorp.com,10.0.1.10,United Kingdom,DESKTOP-FIN-02,Success,none,baseline
2026-07-01T10:29:24Z,frankie.johnson@democorp.com,98.118.45.22,Canada,SURFACE-PRO-9,Success,none,baseline
2026-07-01T10:44:27Z,harper.upton@democorp.com,73.45.120.10,United Kingdom,IPHONE-14-PRO,Success,none,baseline
2026-07-01T11:55:06Z,avery.singh@democorp.com,10.0.1.10,United States,SURFACE-PRO-9,Success,none,baseline
2026-07-01T12:15:03Z,elliot.roberts@democorp.com,192.168.1.100,United States,DESKTOP-FIN-02,Success,none,baseline
2026-07-01T12:32:48Z,lane.upton@democorp.com,10.0.1.12,United Kingdom,IPHONE-14-PRO,Failure,low,baseline
2026-07-01T13:13:41Z,micah.hughes@democorp.com,172.16.0.6,Germany,WORKSTATION-SEC-05,Success,none,baseline
2026-07-01T13:13:42Z,jamie.vasquez@democorp.com,10.0.1.12,Canada,LAPTOP-IT-03,Success,none,baseline
2026-07-01T13:25:17Z,parker.zimmerman@democorp.com,192.168.1.100,United States,WORKSTATION-SEC-05,Failure,low,baseline
2026-07-01T13:36:12Z,avery.bennett@democorp.com,172.16.0.5,United Kingdom,LAPTOP-IT-03,Success,none,baseline
2026-07-01T14:10:29Z,lane.upton@democorp.com,10.0.1.12,United Kingdom,IPHONE-14-PRO,Success,none,baseline
2026-07-01T15:34:07Z,jamie.singh@democorp.com,172.16.0.6,Canada,SURFACE-PRO-9,Success,none,baseline
2026-07-01T16:16:47Z,kai.vasquez@democorp.com,24.6.88.55,United Kingdom,LAPTOP-IT-03,Success,none,baseline
2026-07-01T16:31:05Z,reese.foster@democorp.com,10.0.1.11,United States,LAPTOP-SALES-04,Success,none,baseline
2026-07-01T16:49:08Z,avery.young@democorp.com,192.168.1.100,Germany,WORKSTATION-SEC-05,Success,none,baseline
2026-07-01T16:58:00Z,lane.campbell@democorp.com,192.168.1.100,United Kingdom,SURFACE-PRO-9,Success,none,baseline
2026-07-01T17:04:24Z,skyler.o'brien@democorp.com,142.250.80.10,United States,DESKTOP-FIN-02,Success,none,baseline
2026-07-01T17:27:13Z,reese.young@democorp.com,24.6.88.55,United Kingdom,SURFACE-PRO-9,Success,none,baseline
2026-07-01T17:35:14Z,jesse.foster@democorp.com,73.45.120.10,Canada,DESKTOP-FIN-02,Success,none,baseline
2026-07-01T18:23:28Z,emery.irving@democorp.com,172.16.0.6,Canada,DESKTOP-HR-01,Success,none,baseline
2026-07-01T18:32:38Z,drew.hughes@democorp.com,81.2.69.100,Germany,DESKTOP-FIN-02,Success,none,baseline
